[{"@type":"mappingTemplate","id":"@1","name":"m_AID_NullCheck_UnpaidFeesReport","description":"This mapping performs Null Check rules check for the presence of a ‘not-null’ and  ‘not empty’ value for a Data Element and mark the record invalid if the value is null or empty. The mapping will use the mapplet to validate the records and pass all “Invalid” records into the CUSTOM_PIVOTED_EXCEPTIONS table while writing a summary records with the count of total number of records and total number of “Invalid” records along with other house keeping columns to the JOB_CTRL table. ","bundleVersion":"0","templateId":"@3","deployTime":1698329910000,"hasParameters":true,"valid":true,"fixedConnection":true,"hasParametersDeployed":true,"fixedConnectionDeployed":true,"isSchemaValidationEnabled":false,"tasks":1,"mappingPreviewFileRecordId":"@2","documentType":"MAPPING","references":[{"@type":"reference","refObjectId":"@9ljmnLhtZQ9jcwlTFMejgW","refType":"mappletTemplate"},{"@type":"reference","refObjectId":"@9rlX4b30XI2dxBek8Gntkn","refType":"connection"},{"@type":"reference","refObjectId":"@2rJYba3JtiZdx5N8qq8JWY","refType":"connection"}]}]